{"cameraMode":{"drawMode":0,"name":"Shaded","section":"Shading Mode"},"sceneLighting":true,"audioPlay":false,"sceneViewState":{"m_AlwaysRefresh":false,"showFog":true,"showSkybox":true,"showFlares":true,"showImageEffects":true,"showParticleSystems":true,"showVisualEffectGraphs":true,"m_FxEnabled":true},"in2DMode":false,"pivot":{"x":398.9163818359375,"y":489.22808837890627,"z":-685.886962890625},"rotation":{"x":0.016801955178380014,"y":0.02848825417459011,"z":-0.00047958589857444167,"w":0.9994504451751709},"size":29.388242721557618,"orthographic":false}